first_name,last_name,email
Sela,O'Flaverty,soflaverty0@mit.edu
Duffie,Lillo,dlillo1@creativecommons.org
Brandy,Litherland,blitherland2@yale.edu
Cathi,Wayvill,cwayvill3@illinois.edu
Kirbee,Fiorentino,kfiorentino4@nba.com
Ruperto,Harlowe,rharlowe5@irs.gov
Lane,Firpi,lfirpi6@acquirethisname.com
Fenelia,Whelpton,fwhelpton7@t.co
Delores,Eassom,deassom8@printfriendly.com
Thatch,Peverell,tpeverell9@liveinternet.ru
