first_name,last_name,email
Alphard,Bedingfield,abedingfield0@oakley.com
Parker,Michelmore,pmichelmore1@sitemeter.com
Bernardine,Braune,bbraune2@ovh.net
Cinda,Antley,cantley3@friendfeed.com
Waiter,Stronach,wstronach4@senate.gov
Albie,Lamplugh,alamplugh5@nationalgeographic.com
Henrik,Verdy,hverdy6@naver.com
Lisa,Sweeny,lsweeny7@wired.com
Arie,Robjohns,arobjohns8@gravatar.com
Dacy,Nary,dnary9@cnbc.com